{"type":"Topology","arcs":[[[4130,4046],[84,-35],[-13,-35],[-74,-8],[-28,31],[-97,13],[-113,18],[-18,16],[259,0]],[[1262,4046],[-14,-17],[-96,-26],[-14,14],[8,29],[116,0]],[[782,4015],[-55,31],[109,0],[-6,-29],[-48,-2]],[[3864,340],[67,-8],[8,-143],[-38,-41],[-12,-97],[-39,33],[-78,-84],[-24,6],[-69,4],[-69,103],[-16,80],[-65,104],[3,56],[74,-11],[109,-42],[61,17],[88,23]],[[1441,1374],[-119,-62],[-98,-28],[-22,-63],[-41,-49],[-96,-3],[-70,-10],[-100,22],[-81,-14],[-77,-5],[-67,-64],[-32,5],[-57,-34],[-54,-38],[-82,5],[-75,0],[-120,76],[-60,23],[2,69],[56,17],[19,27],[-4,43],[14,84],[-13,71],[-59,122],[-19,68],[5,69],[-44,78],[-3,36],[-50,48],[-14,94],[-64,95],[-16,51],[49,-52],[-38,112],[56,-35],[34,-47],[-2,62],[-56,95],[-11,38],[-26,36],[12,69],[23,30],[16,60],[-12,70],[46,87],[9,-92],[47,83],[92,40],[54,52],[86,44],[51,9],[31,-15],[89,45],[68,13],[17,27],[30,11],[62,-3],[119,35],[61,54],[28,64],[66,61],[5,48],[3,65],[79,103],[47,-104],[48,24],[-40,56],[36,59],[49,-26],[14,91],[61,60],[27,47],[57,20],[2,34],[49,-14],[2,30],[50,18],[54,16],[83,-55],[62,-72],[71,-1],[71,-11],[-23,66],[53,97],[51,31],[-17,30],[48,69],[69,42],[57,-14],[95,23],[-2,61],[-83,40],[60,17],[75,-30],[59,-49],[95,-31],[32,12],[70,-36],[66,34],[42,-11],[26,24],[52,-60],[-30,-64],[-43,-49],[-38,-4],[13,-48],[-33,-60],[-40,-59],[8,-34],[89,-67],[87,-38],[58,-42],[81,-71],[32,0],[58,-31],[18,-37],[107,-41],[74,42],[22,64],[23,53],[14,66],[34,96],[-15,58],[8,35],[-13,69],[14,91],[22,24],[-18,40],[28,64],[21,66],[3,35],[42,45],[31,-59],[8,-76],[28,-14],[5,-51],[41,-61],[8,-68],[-4,-44],[41,-94],[72,45],[37,-51],[54,-47],[-11,-53],[24,-103],[17,-60],[28,-15],[31,-103],[-11,-62],[36,-82],[122,-62],[80,-58],[75,-52],[-15,-29],[65,-76],[43,-130],[45,27],[46,-52],[27,18],[20,-127],[80,-74],[52,-46],[88,-98],[31,-96],[3,-69],[-8,-74],[54,-103],[-6,-106],[-20,-56],[-30,-107],[2,-69],[-22,-86],[-50,-110],[-83,-59],[-41,-93],[-38,-59],[-33,-104],[-44,-60],[-28,-90],[-15,-83],[6,-38],[-64,-42],[-126,-4],[-104,-50],[-52,-46],[-68,-52],[-93,53],[-69,22],[18,62],[-62,-22],[-98,-88],[-97,33],[-64,19],[-65,9],[-108,34],[-73,75],[-21,91],[-26,61],[-55,49],[-109,14],[37,58],[-27,90],[-55,-84],[-100,-22],[59,67],[17,69],[43,59],[-9,89],[-91,-102],[-70,-41],[-43,-96],[-88,49],[3,64],[-70,87],[-59,46],[21,27],[-145,73],[-79,4],[-108,58],[-201,-11],[-146,-43],[-128,-40],[-107,8]]],"transform":{"scale":[0.008890721757056743,0.008313049249471603],"translate":[113.33895307826242,-43.6345972633621]},"objects":{"ne_110m_admin_0_countries":{"type":"GeometryCollection","geometries":[{"arcs":[[0]],"type":"Polygon","properties":{"featurecla":"Admin-0 country","scalerank":1,"LABELRANK":2,"SOVEREIGNT":"Papua New Guinea","SOV_A3":"PNG","ADM0_DIF":0,"LEVEL":2,"TYPE":"Sovereign country","TLC":"1","ADMIN":"Papua New Guinea","ADM0_A3":"PNG","GEOU_DIF":0,"GEOUNIT":"Papua New Guinea","GU_A3":"PNG","SU_DIF":1,"SUBUNIT":"Papua New Guinea","SU_A3":"PN1","BRK_DIFF":0,"NAME":"Papua New Guinea","NAME_LONG":"Papua New Guinea","BRK_A3":"PN1","BRK_NAME":"Papua New Guinea","BRK_GROUP":"","ABBREV":"P.N.G.","POSTAL":"PG","FORMAL_EN":"Independent State of Papua New Guinea","FORMAL_FR":"","NAME_CIAWF":"Papua New Guinea","NOTE_ADM0":"","NOTE_BRK":"","NAME_SORT":"Papua New Guinea","NAME_ALT":"","MAPCOLOR7":4,"MAPCOLOR8":2,"MAPCOLOR9":3,"MAPCOLOR13":1,"POP_EST":8776109,"POP_RANK":13,"POP_YEAR":2019,"GDP_MD":24829,"GDP_YEAR":2019,"ECONOMY":"6. Developing region","INCOME_GRP":"4. Lower middle income","FIPS_10":"PP","ISO_A2":"PG","ISO_A2_EH":"PG","ISO_A3":"PNG","ISO_A3_EH":"PNG","ISO_N3":"598","ISO_N3_EH":"598","UN_A3":"598","WB_A2":"PG","WB_A3":"PNG","WOE_ID":23424926,"WOE_ID_EH":23424926,"WOE_NOTE":"Exact WOE match as country","ADM0_ISO":"PN1","ADM0_DIFF":"","ADM0_TLC":"PN1","ADM0_A3_US":"PNG","ADM0_A3_FR":"PNG","ADM0_A3_RU":"PNG","ADM0_A3_ES":"PNG","ADM0_A3_CN":"PNG","ADM0_A3_TW":"PNG","ADM0_A3_IN":"PNG","ADM0_A3_NP":"PNG","ADM0_A3_PK":"PNG","ADM0_A3_DE":"PNG","ADM0_A3_GB":"PNG","ADM0_A3_BR":"PNG","ADM0_A3_IL":"PNG","ADM0_A3_PS":"PNG","ADM0_A3_SA":"PNG","ADM0_A3_EG":"PNG","ADM0_A3_MA":"PNG","ADM0_A3_PT":"PNG","ADM0_A3_AR":"PNG","ADM0_A3_JP":"PNG","ADM0_A3_KO":"PNG","ADM0_A3_VN":"PNG","ADM0_A3_TR":"PNG","ADM0_A3_ID":"PNG","ADM0_A3_PL":"PNG","ADM0_A3_GR":"PNG","ADM0_A3_IT":"PNG","ADM0_A3_NL":"PNG","ADM0_A3_SE":"PNG","ADM0_A3_BD":"PNG","ADM0_A3_UA":"PNG","ADM0_A3_UN":-99,"ADM0_A3_WB":-99,"CONTINENT":"Oceania","REGION_UN":"Oceania","SUBREGION":"Melanesia","REGION_WB":"East Asia & Pacific","NAME_LEN":16,"LONG_LEN":16,"ABBREV_LEN":6,"TINY":-99,"HOMEPART":1,"MIN_ZOOM":0,"MIN_LABEL":2.5,"MAX_LABEL":7.5,"LABEL_X":143.910216,"LABEL_Y":-5.695285,"NE_ID":1159321173,"WIKIDATAID":"Q691","NAME_AR":"بابوا غينيا الجديدة","NAME_BN":"পাপুয়া নিউগিনি","NAME_DE":"Papua-Neuguinea","NAME_EN":"Papua New Guinea","NAME_ES":"Papúa Nueva Guinea","NAME_FA":"پاپوآ گینه نو","NAME_FR":"Papouasie-Nouvelle-Guinée","NAME_EL":"Παπούα Νέα Γουινέα","NAME_HE":"פפואה גינאה החדשה","NAME_HI":"पापुआ न्यू गिनी","NAME_HU":"Pápua Új-Guinea","NAME_ID":"Papua Nugini","NAME_IT":"Papua Nuova Guinea","NAME_JA":"パプアニューギニア","NAME_KO":"파푸아뉴기니","NAME_NL":"Papoea-Nieuw-Guinea","NAME_PL":"Papua-Nowa Gwinea","NAME_PT":"Papua-Nova Guiné","NAME_RU":"Папуа — Новая Гвинея","NAME_SV":"Papua Nya Guinea","NAME_TR":"Papua Yeni Gine","NAME_UK":"Папуа Нова Гвінея","NAME_UR":"پاپوا نیو گنی","NAME_VI":"Papua New Guinea","NAME_ZH":"巴布亚新几内亚","NAME_ZHT":"巴布亞紐幾內亞","FCLASS_ISO":"Admin-0 country","TLC_DIFF":"","FCLASS_TLC":"Admin-0 country","FCLASS_US":"","FCLASS_FR":"","FCLASS_RU":"","FCLASS_ES":"","FCLASS_CN":"","FCLASS_TW":"","FCLASS_IN":"","FCLASS_NP":"","FCLASS_PK":"","FCLASS_DE":"","FCLASS_GB":"","FCLASS_BR":"","FCLASS_IL":"","FCLASS_PS":"","FCLASS_SA":"","FCLASS_EG":"","FCLASS_MA":"","FCLASS_PT":"","FCLASS_AR":"","FCLASS_JP":"","FCLASS_KO":"","FCLASS_VN":"","FCLASS_TR":"","FCLASS_ID":"","FCLASS_PL":"","FCLASS_GR":"","FCLASS_IT":"","FCLASS_NL":"","FCLASS_SE":"","FCLASS_BD":"","FCLASS_UA":""}},{"arcs":[[[1]],[[2]]],"type":"MultiPolygon","properties":{"featurecla":"Admin-0 country","scalerank":1,"LABELRANK":2,"SOVEREIGNT":"Indonesia","SOV_A3":"IDN","ADM0_DIF":0,"LEVEL":2,"TYPE":"Sovereign country","TLC":"1","ADMIN":"Indonesia","ADM0_A3":"IDN","GEOU_DIF":0,"GEOUNIT":"Indonesia","GU_A3":"IDN","SU_DIF":0,"SUBUNIT":"Indonesia","SU_A3":"IDN","BRK_DIFF":0,"NAME":"Indonesia","NAME_LONG":"Indonesia","BRK_A3":"IDN","BRK_NAME":"Indonesia","BRK_GROUP":"","ABBREV":"Indo.","POSTAL":"INDO","FORMAL_EN":"Republic of Indonesia","FORMAL_FR":"","NAME_CIAWF":"Indonesia","NOTE_ADM0":"","NOTE_BRK":"","NAME_SORT":"Indonesia","NAME_ALT":"","MAPCOLOR7":6,"MAPCOLOR8":6,"MAPCOLOR9":6,"MAPCOLOR13":11,"POP_EST":270625568,"POP_RANK":17,"POP_YEAR":2019,"GDP_MD":1119190,"GDP_YEAR":2019,"ECONOMY":"4. Emerging region: MIKT","INCOME_GRP":"4. Lower middle income","FIPS_10":"ID","ISO_A2":"ID","ISO_A2_EH":"ID","ISO_A3":"IDN","ISO_A3_EH":"IDN","ISO_N3":"360","ISO_N3_EH":"360","UN_A3":"360","WB_A2":"ID","WB_A3":"IDN","WOE_ID":23424846,"WOE_ID_EH":23424846,"WOE_NOTE":"Exact WOE match as country","ADM0_ISO":"IDN","ADM0_DIFF":"","ADM0_TLC":"IDN","ADM0_A3_US":"IDN","ADM0_A3_FR":"IDN","ADM0_A3_RU":"IDN","ADM0_A3_ES":"IDN","ADM0_A3_CN":"IDN","ADM0_A3_TW":"IDN","ADM0_A3_IN":"IDN","ADM0_A3_NP":"IDN","ADM0_A3_PK":"IDN","ADM0_A3_DE":"IDN","ADM0_A3_GB":"IDN","ADM0_A3_BR":"IDN","ADM0_A3_IL":"IDN","ADM0_A3_PS":"IDN","ADM0_A3_SA":"IDN","ADM0_A3_EG":"IDN","ADM0_A3_MA":"IDN","ADM0_A3_PT":"IDN","ADM0_A3_AR":"IDN","ADM0_A3_JP":"IDN","ADM0_A3_KO":"IDN","ADM0_A3_VN":"IDN","ADM0_A3_TR":"IDN","ADM0_A3_ID":"IDN","ADM0_A3_PL":"IDN","ADM0_A3_GR":"IDN","ADM0_A3_IT":"IDN","ADM0_A3_NL":"IDN","ADM0_A3_SE":"IDN","ADM0_A3_BD":"IDN","ADM0_A3_UA":"IDN","ADM0_A3_UN":-99,"ADM0_A3_WB":-99,"CONTINENT":"Asia","REGION_UN":"Asia","SUBREGION":"South-Eastern Asia","REGION_WB":"East Asia & Pacific","NAME_LEN":9,"LONG_LEN":9,"ABBREV_LEN":5,"TINY":-99,"HOMEPART":1,"MIN_ZOOM":0,"MIN_LABEL":1.7,"MAX_LABEL":6.7,"LABEL_X":101.892949,"LABEL_Y":-0.954404,"NE_ID":1159320845,"WIKIDATAID":"Q252",